text,label
" https://www.voanews.com/science-health/coronavirus-outbreak/5-coronavirus-cases-confirmed-usÂ â€¦

5 Coronavirus Cases Confirmed in US

@CoronaVirusInfo @realDonaldTrump @CDCgov @XHNews @Xi_TheLeader",1
Please see my statement on the 2019 Novel Coronavirus  pic.twitter.com/3tCGEZdZqz,1
"Everything you need to know about travelling to, from and around China as coronavirus continues to spread  https://www.independent.co.uk/travel/news-and-advice/coronavirus-china-flights-cancel-leave-wuhan-outbreak-symptoms-virus-latest-a9302616.html?utm_term=Autofeed&utm_medium=Social&utm_source=Twitter#Echobox=1580080540Â â€¦",1
"Virginia health officials investigating three people, including one in northern Virginia, for coronavirus  http://bit.ly/2RqHUsVÂ ",1
Officials confirm five U.S. cases of coronavirus after China travel  https://reut.rs/2RsXrICÂ  pic.twitter.com/j8IrFvQugB,1
Coronavirus reaches the U.S. (California)  https://www.star945.com/news/national/coronavirus-outbreak-3rd-case-confirmed-california-health-officials-say/ErTo3ySMyHokYn6tIF1gAL/Â â€¦,1
Saudi energy minsiter says closely monitoring global oil market amid coronavirus outbreak  https://sptnkne.ws/BhUHÂ ,1
Officials confirm five U.S. cases of coronavirus after China travel  https://www.reuters.com/article/us-china-health-usa-california-idUSKBN1ZP0AA?taid=5e2e213b0f91f60001a245cb&utm_campaign=trueAnthem%3A+Trending+Content&utm_medium=trueAnthem&utm_source=twitterÂ â€¦ pic.twitter.com/qDDb6SczEy,1
"Flu varies. If you look just at flu pneumonia, one study found 10% fatality. We don't yet know the spectrum of new coronavirus disease so it's really too early to make claims until we have an idea about mild and moderate disease cases.",1
Canada's first coronavirus patient had symptoms on flight from China  https://reut.rs/2RtgYc9Â  pic.twitter.com/jOAJVrg425,1
"BREAKING: China's National Health Commission reports 304 new cases of coronavirus, adding to 371 cases reported at the epicenter 1 hour ago https://bnonews.com/index.php/2020/01/the-latest-coronavirus-cases/Â â€¦",1
Fifth US case of coronavirus confirmed  https://www.koat.com/article/fifth-us-case-of-coronavirus-confirmed/30667291Â â€¦,1
"""Los Angeles and Orange County health officials are dealing with their first cases of a patient with the new strain of coronavirus."" @latimes @phila_lex @Emily_Baum
#Virus #Coronavirus #PublicHealth #DepartmentofPublicHealth #CDC https://lat.ms/2RUCENlÂ ",1
"Coronavirus Case Confirmed In Arizona, Bringing U.S. Total To 5  https://www.npr.org/sections/goatsandsoda/2020/01/26/799726161/coronavirus-case-confirmed-in-arizona-bringing-u-s-total-to-5?utm_source=dlvr.it&utm_medium=twitterÂ â€¦",1
"BREAKING: Epicenter of coronavirus outbreak reports 371 new cases and 24 new deaths, raising death toll to 80  https://bnonews.com/index.php/2020/01/the-latest-coronavirus-cases/Â â€¦",1
How coronavirus is beginning to hit China's economy @CNBC https://www.cnbc.com/2020/01/26/how-coronavirus-is-beginning-to-hit-chinas-economy.html?__source=iosappshare%7Ccom.apple.UIKit.activity.PostToTwitterÂ â€¦,1
"[RTRS] - CHINA'S HUBEI PROVINCE SAYS 76 DEAD, 1423 CASES IN NEW #CORONAVIRUS OUTBREAK AS OF END OF JAN 26 - STATEMENT",1
"Risk Haven Assets update:
#Oil - US Crude  5299  -2.24%
#Gold  1584  +0.76%
#USDJPY  108.88  -0.36%
#VIX  16.88  +5.17%
#Bitcoin  8558.75  -0.3%
#coronavirus",0
Beijing warns number of coronavirus infections will continue to RISE as it hits back at claims of a cover-up #CoronavirusOutbreak https://trib.al/xWnqFUFÂ ,0
"US confirms two more coronavirus cases, bringing total to five  https://www.theguardian.com/science/2020/jan/26/coronavirus-us-confirms-cases-california-arizona?utm_term=Autofeed&CMP=twt_b-gdnnews&utm_medium=Social&utm_source=Twitter#Echobox=1580080141Â â€¦",1
Officials track passengers on flight with coronavirus patient  http://dlvr.it/RNpDL2Â ,1
US health agency reports five confirmed cases of coronavirus  https://cna.asia/37tVa5PÂ  pic.twitter.com/ShOdKqATGv,1
China: A Visit to the Coronavirus Epicenter in Wuhan  http://dlvr.it/RNp9rSÂ  pic.twitter.com/O8rM4n71LD,1
Coronavirus worries dampens Lunar New Year celebrations in Metro Vancouver | CBC News  https://buff.ly/2O0BZZnÂ  pic.twitter.com/KJfdt0wORk,1
"It sums up how shocking this year has been so far and yet its only January. Najwa Qassem's death, Iraq, the Ukrainian plane crash, Corona Virus and now Koby's death. I'd like to express informally from time to time on my account without being labeled.",1
The Government is scrambling to evacuate as many as 100 Australian children trapped in Wuhan the epicentre of the coronavirus outbreak in China. #TMS7 https://7news.com.au/news/health/fears-for-new-potential-coronavirus-victim-c-666202Â â€¦,1
Have you encountered any precautionary measures for coronavirus?  https://www.theguardian.com/science/2020/jan/22/have-you-encountered-any-precautionary-measures-for-coronavirus?CMP=share_btn_twÂ â€¦,1
"Itâ€™s early morning in Asia. A lot of information online re Wuhan #coronavirus, but important to seek trusted sources always and especially during a developing outbreak.

#nCoV2019 #nCoV @WHOWPRO",1
"The test results for coronavirus in a Texas A&M graduate student came back negative Sunday, the university says -->  http://on.nbcdfw.com/Wcg5y9lÂ  pic.twitter.com/qTvJwCiXPg",1
China's health minister makes a startling statement about the Wuhan coronavirus: He says people can spread it before they become symptomatic  http://bit.ly/2O2Cq5HÂ ,1
"Chinese authorities say they are fighting a people's war against the new coronavirus with 56 people killed in China and at least 2,000 people infected globally  pic.twitter.com/DCXx0tA9Mr",1
"WHO chief traveling to Beijing to discuss #coronavirus outbreak with Chinese officials

 http://sptnkne.ws/BhPgÂ ",1
China temporarily bans wildlife trade in wake of coronavirus outbreak! #IllegalWildlifeTrade #TraditionalChineseMedicine https://abcnews.go.com/Technology/wireStory/china-temporarily-bans-wildlife-trade-wake-outbreak-68539054Â â€¦,1
"Maureen Taylor is a front line health care worker who was CBCâ€™s senior health reporter during SARS. She says a lot has changed with the Wuhan coronavirus, and thereâ€™s more pressure on China to be transparent, but that social media makes it more complicated.  pic.twitter.com/2xM45EoOd2",1
Every Asian person you meet is not a secret carrier of corona virus. Imagine if this came out of Britain and white people were the first victims. Legit questions exist about the virusâ€™ origins but that doesnâ€™t mean your neighbor is Typhoid Mary.,1
"""Infections with 2019-nCoV also are being reported in a growing number of countries internationally, including the United States."" @cdc
#respiratoryIllness #coronavirus #HealthAlert http://bit.ly/3aKdXfeÂ ",1
"The mayor of China's Wuhan, epicenter of an outbreak of a coronavirus that has killed 56 and infected more than 2,000, said he expects another 1,000 new patients in the city, highlighting the immense pressure on Wuhan's infrastructure.  http://bit.ly/38HT96eÂ ",1
BBC News - Coronavirus: Ivory Coast tests woman for China virus  https://www.bbc.com/news/world-africa-51258014Â â€¦,1
I donâ€™t know how this asian diaspora rumormongering started but my Queens-dwelling Chinese health aides are freaking out about it. #coronavirus  pic.twitter.com/Ok9g0xce0C,1
"China's coronavirus blueprint: Freezing bus routes, closing schools and hailing motivational messages through  https://trib.al/r9QcrwqÂ ",1
A resident of Brazos County who was tested for coronavirus after returning to Texas from China is not afflicted with the same deadly strain that has killed dozens of people.  https://bit.ly/37v2QVkÂ ,1
WHO: There is no evidence to declare the spread of coronavirus as a national emergency health concern so far,1
"Brent crude falls sharply on the Sunday night open to trade below $60 a barrel for 1st time in 2020, as Coronavirus fears mount. 

Fall comes despite rocket reportedly hitting US Emb in Baghdad and statement from Saudi energy minister trying to downplay Coronavirus impact #OOTT pic.twitter.com/Gqec31dMvc",1
5 Stocks That Could Pop as Coronavirus Fears Spread  https://on.barrons.com/30ZLzkzÂ ,1
"Update: The Brazos County Health District confirmed negative results for the patient being tested for Coronavirus, according to the Brazos County Health District Facebook page.
 http://www.dailytoreador.com/news/texas-a-m-coronavirus-case-confirmed-negative/article_8a81386c-3e3e-11ea-b843-67a643230648.htmlÂ â€¦",1
"A fifth person in Australia has potentially contracted the new #coronavirus as the nation's Chief Medical Officer says more cases are ""highly likely"" to emerge.
 https://www.watoday.com.au/national/potential-fifth-australian-case-of-coronavirus-detected-with-more-highly-likely-20200126-p53uvg.htmlÂ â€¦",1
Southwest Airlines removes passenger 'flu symptoms' from plane in Maryland amid coronavirus concerns  https://www.dailymail.co.uk/news/article-7931857/Southwest-Airlines-removes-passenger-flu-symptoms-plane-Maryland-amid-coronavirus-concerns.htmlÂ â€¦,1
WHO says new coronavirus is not as deadly as severe acute respiratory syndrome (SARS)  http://www.cnn.phÂ  pic.twitter.com/yhvVkQ7x0z,0
"If youâ€™ve recently travelled to Wuhan, China and have flu-like symptoms, seek medical advice. There has been an outbreak of a novel coronavirus in this region. Let staff know where youâ€™ve travelled before attending any medical facility. More info here:  http://health.gov.auÂ  pic.twitter.com/tKYTnWCv8M",1
"The Wuhan coronavirus highlights the weakness in China's system of governance: lower-level officials don't deliver bad news for fear of being axed, and they don't consult laterally with each other due to Beijing's fear that they will conspire against it.  https://trib.al/KR4diLKÂ  pic.twitter.com/rHKUTbL6QX",1
"Itâ€™s funny how wired we are for sudden threats (plane crash) vs. the longterm threats (cardiovascular disease) that are far more likely to kill us.

Spent the last 2 hours researching Coronavirus cures + helicopter safety statistics

...then pounded a cookie to calm myself down.",1
US stock futures fall more than 1 percent as coronavirus fears spread  https://cna.asia/37q5wn4Â  pic.twitter.com/TBS6OGvlZy,1
California's first two cases of coronavirus are confirmed in L.A. and Orange counties  http://dlvr.it/RNp9pYÂ  [Top Stories] pic.twitter.com/c7qduuI1YL,1
"BREAKING: Brent crude drops below $60 a barrel as market fears impact of Chinese virus outbreak on global #oil demand 

Saudi Arabia says in statement itâ€™s â€œclosely monitoringâ€ the situation, but so far sees only â€œvery limitedâ€ impact on demand | #OOTT #Coronavirus @TheTerminal pic.twitter.com/ofVgp5qPNN",1
"Arizona, California cases push U.S. tally of coronavirus to five  https://trib.al/AVmkB7hÂ ",1
"A fifth US case of coronavirus has been confirmed in Arizona, the Centers for Disease Control and Prevention said on Sunday.  https://keyt.com/news/national-world/2020/01/26/a-third-case-of-coronavirus-is-confirmed-in-the-us-as-china-struggles-to-contain-outbreak/Â â€¦",1
"China testing HIV drug as treatment for new coronavirus, AbbVie says  https://www.reuters.com/article/us-china-health-abbvie-hiv-idUSKBN1ZP0QK?taid=5e2e2377ecb7110001ba14ca&utm_campaign=trueAnthem%3A+Trending+Content&utm_medium=trueAnthem&utm_source=twitterÂ â€¦ pic.twitter.com/QKpzlD1kvi",1
"UPDATE: The death toll from the #coronavirus in mainland China has risen to at least 80 from 56, and there are 371 new cases confirmed, according to China's CCTV  pic.twitter.com/9tS3pQiNNq",1
China suspends wildlife animal trade over coronavirus outbreak  https://nypost.com/2020/01/26/china-suspends-wildlife-animal-trade-over-coronavirus-outbreak/?utm_source=twitter_sitebuttons&utm_medium=site%20buttons&utm_campaign=site%20buttonsÂ â€¦ via @nypost #China #coronavirus #CoronavirusOutbreak,1
"2 SoCal patients test positive for #coronavirus
 http://via.kswbtv.com/bECDWÂ ",0
Pope Francis praises Chinaâ€™s efforts to contain coronavirus  https://bit.ly/2TZ1pdKÂ  pic.twitter.com/pciHMe7wID,1
"went to Bangkok and all i got was 
- six foot ditch cover
- kickback cover
- shattered realm cover
- coronavirus",1
"In face of the grave difficulty, people have shown great love for each other. The Chinese community and people from all walks of life here in the UK have expressed their sympathy and willingness to donate. We are deeply touched and greatly encouraged. #coronavirus  pic.twitter.com/lRJAM819GK",0
"Containing new coronavirus may not be feasible, experts tell â¦@HelenBranswellâ©   https://www.statnews.com/2020/01/26/containing-new-coronavirus-may-not-be-feasible-experts-say/Â â€¦",1
Sydney to host Matildas Olympic qualifiers after coronavirus concerns  https://www.abc.net.au/news/2020-01-27/matildas-olympic-qualifiers-moved-wuhan-to-sydney-coronoavirus/11902730Â â€¦,1
WHO says coronavirus is not as deadly as severe acute respiratory syndrome (SARS),0
"None shall pass: Chinese cities, provinces close roads to stop spread of deadly coronavirus  https://www.scmp.com/news/china/society/article/3047711/none-shall-pass-chinese-cities-provinces-close-roads-stop-spread?utm_term=Autofeed&utm_medium=Social&utm_content=article&utm_source=Twitter#Echobox=1580078419Â â€¦",1
"The Los Angeles County Department of Public Health has confirmed the first case of novel coronavirus in Los Angeles County, the department said Sunday.
 http://nbcbay.com/Ry1rI2uÂ ",1
Los Angeles County confirms first case of coronavirus  https://reut.rs/2TXHzzzÂ  pic.twitter.com/6qxHej2lKO,1
China scrambles to contain strengthening virus  http://bit.ly/2RM1iQ8Â  #coronavirus  pic.twitter.com/0Tu5VARJlF,1
Got coronavirus,1
Fifth case of coronavirus confirmed in US  https://www.actionnewsjax.com/news/trending/fourth-case-coronavirus-confirmed-us/LV5Y3ROCNBDMNECX6LCYYF4ZEM/Â â€¦,1
"The scariest aspect of the new coronavirus is the potential for misinformation and concealment by authorities. Two historical examples show what can happen when governments value national pride and economic growth over the health of their citizens.

 https://medium.com/@katherineklingseis/coronavirus-what-we-can-learn-from-two-past-disease-outbreaks-fba333eae724Â â€¦",1
One hundred Australian children stranded in Wuhan as coronavirus spreads  https://www.theguardian.com/science/2020/jan/27/one-hundred-australian-children-stranded-in-wuhan-as-coronavirus-spreads?utm_term=Autofeed&CMP=twt_b-gdnnews&utm_medium=Social&utm_source=Twitter#Echobox=1580081663Â â€¦,1
"It's about respect, sir. That was my point. 

Also, the media is not 99% of the population. Part of its responsibility is to educate us. 99% of the population probably didn't know about Coronavirus. Would it be OK for media to get info about it wrong?",0
"Not being racist or nothing, but I donâ€™t want no Chinese food or Chinese Pussy until further notice #WOHAN #CoronaVirus",0
Officials confirm fourth US case of new coronavirus  http://bit.ly/3aMxN9lÂ  pic.twitter.com/p0RDUaoRiJ,1
"The number of cases of coronavirus in the U.S. continues to grow:
 https://wbur.fm/2GrMSzfÂ ",1
China Says Coronavirus Can Spread Before Symptoms Show -- Calling Into Question US Containment Strategy  http://trb.tv/Ksz4dÂ  via @5news,1
Xi says China faces â€˜grave situationâ€™ as spread of coronavirus â€˜accelerates'  http://sabahdai.ly/e1jo6yÂ ,1
How to protect yourself if the deadly coronavirus comes to New Zealand  http://bit.ly/3aM6QmsÂ  pic.twitter.com/opF8ZTrHQH,1
Psychology of the Wuhan Coronavirus Outbreak  | 2019 - nCoV  https://youtu.be/M70dqKQLiQgÂ  via @YouTube,1
I'm live at 5 on @abc15 with more about the first confirmed case of #coronavirus in Maricopa County.  pic.twitter.com/Y4WYXrGvrQ,1
"Containing new coronavirus may not be feasible, experts say - â¦@statnewsâ© https://www.statnews.com/2020/01/26/containing-new-coronavirus-may-not-be-feasible-experts-say/Â â€¦",1
#Coronavirus FAQs: Do Masks Help? Is The Disease Really So Mysterious? via @NPRGoatsandSoda https://www.npr.org/sections/goatsandsoda/2020/01/25/799007842/coronavirus-faqs-do-masks-help-is-the-disease-really-so-mysteriousÂ â€¦,1
"More on the coronavirus outbreak gripping Australia and the world.
 
There are four confirmed cases nationally with another suspected in Sydney.

Brianna Scully has more. #9News pic.twitter.com/LpDksvxo2E",1
Canada identifies first case of coronavirus  https://tribuneonlineng.com/canada-identifies-first-case-of-coronavirus/?utm_term=Autofeed&utm_medium=Social&utm_source=Twitter#Echobox=1580078529Â â€¦,1
U.S. stock futures fall more than 1 percent as coronavirus fears spread  https://reut.rs/2uBL1FmÂ  #news #business #social pic.twitter.com/EATpqGybox,1
"Fifth coronavirus case confirmed in fourth state in US 
 http://kunanews.net/oWha30qctH5Â 
#KUNA 
(I.F)",0
The #Coronavirus Outbreak: Why the Risk Is Higher for Older People With Pre-existing Health Conditions >  https://bit.ly/2RL7F6hÂ  pic.twitter.com/TVJMcBLLCR,1
"""The death rate for influenza in Canada is 500 to 1500 cases per year.""

 https://ipac-canada.org/influenza-resources.phpÂ â€¦

""SARS (a coronavirus), or Severe Acute Respiratory Syndrome,Â killedÂ 44 people inÂ Canada""

 https://nationalpost.com/pmn/health-pmn/canada-girds-for-new-coronavirus-17-years-after-deadly-sars-epidemicÂ â€¦",1
"Yes, the mayor said that, on average, 45% of suspected cases are eventually confirmed as coronavirus. So if we apply this to the 2,200 people, that's about 1,000 new cases",1
"Health officials confirm coronavirus case in Arizona

 http://bit.ly/2RsUisnÂ  pic.twitter.com/eqiwdqFoGP",1
"On my way to work

Uber driver says: â€œdid you hear about Kobe Bryant? Not a good start to the year, bushfires, coronavirus, Kobeâ€

I cheered him up by telling him Powderfinger had five songs in the Hottest 100 of 1999",0
"COMMENT | The impact of the coronavirus on Chinaâ€™s economy will be severe. No prizes for guessing who is next, writes @BGottliebsen. https://bit.ly/38Hig92Â ",1
"While you have him, can you ask #Bolton what he had in mind when he disbanded the preparedness office for pandemics and demoted the homeland security advisor role? 
#coronavirus #homelandsecurity",0
"Not a happy headline 'Coronavirus is infectious even during incubation, and its ability to spread worldwide is strengthening, say Chinese authorities'  https://www.abc.net.au/news/2020-01-27/coronavirus-strengthening-spread-infectious-during-incubation/11902378Â â€¦ via @ABCNews",1
WHO says it has yet to confirm China's report that the Wuhan coronavirus can be spread before symptoms show  http://bit.ly/2tJdPvTÂ ,1
"UPDATED: The Va. Dept. of Health is investigating a potential coronavirus case in Northern Virginia, believed to be George Mason student. It is one of three possible cases around the state.  https://wtop.com/virginia/2020/01/virginia-investigates-3-possible-cases-of-coronavirus/Â â€¦",1
We take a look at where the coronavirus spread in one month in #GraphicTruth: https://www.gzeromedia.com/the-graphic-truth-where-has-the-wuhan-coronavirus-spreadÂ â€¦,1
"#breaking from @nachoaguilar: @tamu student **does not** have coronavirus, health officials say  https://www.texastribune.org/2020/01/26/texas-coronavirus-student/Â â€¦ #txlege",1
"Test results of Texas A&M student suspected of contracting the coronavirus have been confirmed negative.
 http://www.thebatt.com/news/suspected-case-of-novel-coronavirus-confirmed-negative/article_c2e95f9a-408c-11ea-8a0d-e3ee520acacc.htmlÂ â€¦",1
"Torontoâ€™s coronavirus patient showed mild symptoms on his flight to Pearson
  https://www.therecord.com/news-story/9831394-health-officials-searching-for-passengers-after-toronto-s-coronavirus-patient-showed-symptoms-on-his-flight-to-pearson/Â â€¦",1
"Coronavirus may have originated in lab linked to China's biowarfare program

 http://bit.ly/2NZv8QbÂ  pic.twitter.com/0Cxbi7cnKp",0
"""Why did the mainstream media fall in love with the Chinese again and think they are telling the truth about this illness?""

@JimCramer says there might be more to the coronavirus outbreak than meets the eye and China is hiding it.

 https://washex.am/2RUoRGiÂ ",0
"Two people in Southern California have tested positive for coronavirus, health officials said.  http://bit.ly/2RPnaKAÂ ",1
China has temporarily banned its wildlife trade because of the coronavirus outbreak  https://www.ctvnews.ca/sci-tech/china-has-temporarily-banned-its-wildlife-trade-because-of-the-coronavirus-outbreak-1.4783848?taid=5e2e1a3decb7110001ba14ae&utm_campaign=trueAnthem%3A+Trending+Content&utm_medium=trueAnthem&utm_source=twitterÂ â€¦ pic.twitter.com/HUxYZjuxzO,1
Super scary. Some infectious disease experts are warning that it may no longer be feasible to contain the new coronavirus circulating in China. Failure to stop it there could see the virus spread in a sustained way around the world.  https://www.statnews.com/2020/01/26/containing-new-coronavirus-may-not-be-feasible-experts-say/Â â€¦ via @statnews,1
"In response to the coronavirus, GMO announced that their 4,000 employees are encouraged to work from home over the next 2 weeks. 

There are now 4 reported cases in Japan. Considering there are ~10 million visitors from China / year, there could be many more to come.  https://twitter.com/m_kumagai/status/1221341586165907456Â â€¦",1
"Right now in US you are far more likely to catch flu from your coworker (if you care this much you DID get a flu shot right?) or norovirus from your kid forgetting to wash their hands after using the bathroom than you are to contract the novel corona virus. 

Behave accordingly.",0
BREAKING: Death toll from coronavirus in China's Hubei province reaches 76 - reports  https://sptnkne.ws/BhUGÂ  pic.twitter.com/ettljg1Bl9,1
Of course perhaps nothing will convince Americans they need a stable president and a highly functional government. Maybe Michael Lewis is wrong that a pandemic might make this clear. #coronavirus,1
"We are confident that, under the strong leadership of the Central Government of China, and with the broad support of the international community, including the UK, we have the resolve and capability to beat the virus. #coronavirus  pic.twitter.com/8TRgeb3iwI",1
China warns coronavirus strengthening while admitting knowledge of virus limited  https://www.abc.net.au/news/2020-01-27/coronavirus-strengthening-spread-infectious-during-incubation/11902378Â â€¦ via @ABCNews,1
"China testing HIV drug as treatment for new coronavirus, AbbVie says  https://uk.reuters.com/article/uk-china-health-abbvie-hiv-idUKKBN1ZP0Q8?taid=5e2e1b570f91f60001a245c1&utm_campaign=trueAnthem%3A+Trending+Content&utm_medium=trueAnthem&utm_source=twitterÂ â€¦ pic.twitter.com/dmNvbf6pur",1
"NEW: The test results for coronavirus in a Texas A&M graduate student came back negative Sunday, the university says -->  http://on.nbcdfw.com/Wcg5y9lÂ  @NBCDFW",1
Ironic if China finally stops the trade of endangered species in order to save humanity from the viruses ğŸ¦  coming out of their wildlife markets. I hope and wish with all my heart that this ban becomes permanent! #coronavirus #RacingExtinction pic.twitter.com/VCi5yufhts,1
"Public anger grows over coronavirus in Thailand, with eight cases of the illness  https://bit.ly/2GohxNVÂ  pic.twitter.com/Pwy1k8TUd2",1
How the new coronavirus stacks up against SARS and MERS | Science News  https://www.sciencenews.org/article/how-new-wuhan-coronavirus-stacks-up-against-sars-mersÂ â€¦,1
WHO Representative in the Philippines Dr Rabindra Abeyasinghe is on @cnnphilippines New Day this morning to discuss the 2019 novel #coronavirus.  pic.twitter.com/yYuP591LPL,1
Every day there seems to be a new development with the deadly 2019 Novel Coronavirus.  https://trib.al/OHD5sZ5Â ,1
"A new case of the deadly coronavirus has been confirmed in the U.S., bringing the total infections to three as the situation in China, where the bug originated, grows increasingly dire.  https://trib.al/A7RVxbAÂ ",1
"HEALTH  UPDATE: Texas A&M student tests negative for deadly coronavirus, CDC says  https://abc13.com/health/texas-a-m-student-tested-negative-for-coronavirus/5873617/?ex_cid=SND_KTRK_TW&utm_source=twitter&utm_medium=social&utm_campaign=sndÂ â€¦",1
"UPDATE: A student at Texas A&M University does not have the 2019 novel coronavirus, Brazos County officials said Sunday.  http://www.newswest9.com/article/news/health/possible-case-of-coronavirus-in-brazos-county-health-department-confirms/285-c0fb43c0-6c58-4011-bc1d-7ccfa329169fÂ â€¦",1
"Coronavirus Case Confirmed In Arizona, Bringing U.S. Total To 5  http://i.securitythinkingcap.com/RNpB19Â  pic.twitter.com/8jJcv9fTe4",1
#NewZealand - latest information and advice following an outbreak of coronavirus in China and elsewhere in the region.  You should comply with any additional screening measures put in place by the New Zealand authorities. More info:  http://ow.ly/UdOw50y5iGcÂ  pic.twitter.com/agpsMJnbaH,1
Wuhan Tianhe International Airport in all-out effort to ensure transport of medical staff and supplies amid novel #coronavirus outbreak  pic.twitter.com/8yyCBFH4HJ,0
"Foreign Minister Marise Payne is working to free Australian families trapped in China, where hospitals are under strain and cities in lockdown as the coronavirus spreads  https://www.smh.com.au/politics/federal/coronavirus-work-to-evacuate-100-young-aussies-trapped-in-china-20200127-p53uyy.html?utm_medium=Social&utm_source=Twitter#Echobox=1580082100Â â€¦",1
"Hi Haruya, thanks for your tweet. I understand that you are concerned about the corona virus. Could you DM us your booking reference and full name so we can check your options? Thanks - Lee",1
Latest on the coronavirus spreading in China and beyond  https://in.reuters.com/article/china-health-virus-factbox-idINKBN1ZM0EK?taid=5e2e21330f91f60001a245c8&utm_campaign=trueAnthem%3A+Trending+Content&utm_medium=trueAnthem&utm_source=twitterÂ â€¦ pic.twitter.com/0hIpOgwwar,1
"Coronavirus update:
- 2,493 confirmed cases, 80 dead
- 390 in serious/critical condition
- Vast majority of cases in China
- 11 countries reporting cases
 https://bnonews.com/index.php/2020/01/the-latest-coronavirus-cases/Â â€¦",1
"Coronavirus Case Confirmed In Arizona, Bringing U.S. Total To 5  https://www.npr.org/sections/goatsandsoda/2020/01/26/799726161/coronavirus-case-confirmed-in-arizona-bringing-u-s-total-to-5?utm_source=dlvr.it&utm_medium=twitterÂ â€¦",1
"Working collaboratively with @celliottability to ensure the safety of Ontario students. 

Our response below to the presumptive positive case of the Wuhan novel #coronavirus.  pic.twitter.com/YybirNJY0H",1
"A 21yo NSW woman is the latest to be infected with the deadly coronavirus.

Health Minister Brad Hazzard has the latest update.
 https://www.2gb.com/fifth-australian-infected-with-coronavirus-hundreds-more-trapped-in-china/Â â€¦",1
"A top Chinese health official warned on Sunday that the coronavirus ""epidemic is now entering a more serious and complex period""  https://nyti.ms/36zCcJOÂ ",1
Pandemic strategy game Plague Inc.â€™s popularity renewed amid coronavirus threat  http://bit.ly/2t4FSWcÂ ,1
"A fifth US case of coronavirus has been confirmed in Arizona, the Centers for Disease Control and Prevention said on Sunday.  https://keyt.com/news/national-world/2020/01/26/a-third-case-of-coronavirus-is-confirmed-in-the-us-as-china-struggles-to-contain-outbreak/Â â€¦",1
"Coronavirus death toll climbs to 80 in China, New Year holiday extended in virus war
 http://www.hindustantimes.com/world-news/coronavirus-death-toll-climbs-to-80-in-china-new-year-holiday-extended-in-virus-war/story-g5OKuQFU6OBM1D4NELPV1H.htmlÂ â€¦",1
"Weâ€™re closely monitoring the novel #coronavirus developments in Ontario, China & around the world. There are currently no cases in Alberta & the risk to Albertans is still low.
Read todayâ€™s statement from Alberta's Chief Medical Officer  https://www.alberta.ca/coronavirus-info-for-albertans.aspx#statementÂ â€¦
#2019nCoV #abhealth",1
Latest on the coronavirus spreading in China and beyond  https://uk.reuters.com/article/uk-china-health-virus-factbox-idUKKBN1ZP0B6?taid=5e2e1454ebed6f0001a55d31&utm_campaign=trueAnthem%3A+Trending+Content&utm_medium=trueAnthem&utm_source=twitterÂ â€¦ pic.twitter.com/msCphZigte,1
Coronavirus patient showed mild symptoms on flight  https://ottawacitizen.com/pmn/news-pmn/canada-news-pmn/newsalertcoronavirus-patient-showed-mild-symptoms-on-flight/wcm/c7b092e0-63df-4b21-9b1c-579bb28bb146?utm_term=Autofeed&utm_medium=Social&utm_source=Twitter#Echobox=1580077531Â â€¦ pic.twitter.com/1Q1bM0b9vR,1
"Saudi Arabiaâ€™s Energy Minister said the Kingdom was closely monitoring developments in global oil markets resulting from â€œgloomy expectationsâ€ over the impact of the new coronavirus.

 https://arab.news/yrs68Â  pic.twitter.com/PKZiVVCUad",1
"Itâ€™s looking increasingly unlikely that the new coronavirus can be contained largely in China, which means governments are going to have to start preparing for the possibility of global transmission, experts say.  https://www.statnews.com/2020/01/26/containing-new-coronavirus-may-not-be-feasible-experts-say/Â â€¦",1
"UPDATE: Coronavirus cases in the U.S. up to 5, officials say.

 https://mynbc15.com/news/nation-world/4th-case-of-coronavirus-confirmed-in-the-us-officials-sayÂ â€¦",1
CDC: 5 cases of coronavirus infections now confirmed in US  http://bit.ly/38G5qrFÂ  pic.twitter.com/6BGYPDreGY,1
Costco was abuzz this afternoon with people talking about Kobe...yet I (over)heard no one talking about Wuhan Coronavirus as they plunged their unwashed paws into free samples. I came home and scrubbed like a surgeon.  pic.twitter.com/SUEo6wH24r,0
"China testing HIV drug as treatment for new coronavirus, AbbVie says  https://www.reuters.com/article/us-china-health-abbvie-hiv/china-testing-hiv-drug-as-treatment-for-new-coronavirus-abbvie-says-idUSKBN1ZP0QK?feedType=RSS&feedName=topNewsÂ â€¦ pic.twitter.com/8phbBntEI3",1
1st Coronavirus Patient Confirmed In Los Angeles County  https://patch.com/california/los-angeles/1st-coronavirus-patient-confirmed-los-angeles-countyÂ â€¦,1
"'Coronavirus was man-made' theory debunked
 https://www.thestar.com.my/news/nation/2020/01/27/coronavirus-was-man-made-theory-debunkedÂ â€¦ https://www.thestar.com.my/news/nation/2020/01/27/coronavirus-was-man-made-theory-debunkedÂ â€¦",1
"The number of U.S. coronavirus cases grows, as Arizona and California each confirm new cases.
 http://bit.ly/2uzlP2xÂ ",1
Australia To Evacuate Citizens From Coronavirus Epicentre As Riots Break Out Abroad  https://10daily.com.au/news/australia/a200126utnkf/australia-to-evacuate-citizens-from-coronavirus-epicentre-as-riots-break-out-abroad-20200126Â â€¦,1
"Jimmy has started coughing. Heâ€™s clearly got Coronavirus. 

I loved you all twitter, well apart from the TERFs.  pic.twitter.com/DPyBrmANhq",0
World Health Organization Country Representative Dr. Rabindra Abeyasinghe: We need to be clear coronavirus can only be spread through very close contact with someone who is infected,1
"Iâ€™m posting this again, because it is the best #podcast out there on the #nCoV2019 #coronavirus out there, bar none:

 http://www.microbe.tv/twiv/twiv-584/Â ",1
"2019 Novel Coronavirus infection (Wuhan, China): Outbreak update -  http://Canada.caÂ   https://www.canada.ca/en/public-health/services/diseases/2019-novel-coronavirus-infection.html?utm_campaign=not-applicable&utm_medium=vanity-url&utm_source=canada-ca_coronavirusÂ â€¦",0
"The coronavirus death toll in the Chinese province of Hubei has risen to 76. The province's health commission says the number of confirmed cases had risen to 1,423 by day's end Sunday. Here's the updated story:  http://cbc.ca/1.5440899Â ",1
"China warns Coronavirus transmission ability getting stronger, braces for more cases

(report by @spatranobis)

 https://www.hindustantimes.com/world-news/china-warns-coronavirus-transmission-ability-getting-stronger-braces-for-more-cases/story-lg2FYWwN5U6wkY8tThR2SK.htmlÂ â€¦ pic.twitter.com/NXaU715wvB",1
"Coronavirus Case Confirmed In Arizona, Bringing U.S. Total To 5  https://www.npr.org/sections/goatsandsoda/2020/01/26/799726161/coronavirus-case-confirmed-in-arizona-bringing-u-s-total-to-5?utm_source=dlvr.it&utm_medium=twitterÂ â€¦",1
Are you in Wuhan? Tell us about living with the coronavirus outbreak  https://www.theguardian.com/science/2020/jan/23/are-you-in-wuhan-tell-us-about-living-with-the-coronavirus-outbreak?CMP=share_btn_twÂ â€¦,1
"Texas A&M student thought to have Coronavirus tests negative, officials said
 https://www.statesman.com/news/20200126/texas-am-student-thought-to-have-coronavirus-tests-negative-officials-said?utm_source=SND&utm_medium=Twitter&utm_campaign=statesmanÂ â€¦",1
League of Legends Pro League Week 2 Delayed Due to Coronavirus -  https://buff.ly/36vNluQÂ  pic.twitter.com/3spdSNP1Um,1
"Controversial opinion - The Coronavirus is not that serious. Unless you are very old or have a damaged immune system, you will probably not die if you contract the virus. 

8 - 20 thousand people die each year in America from the flu.  Around 50 have died from this new virus.",0
"5 million residents left Wuhan before coronavirus lockdown, mayor reveals  https://sg.news.yahoo.com/5-million-residents-left-wuhan-142328311.htmlÂ â€¦",1
"The University at Buffalo is taking precautions to make sure it's international students are safe from the coronavirus, which originated in Wuhan, China, and has since spread to more than 10 countries.  http://specne.ws/fErj2k?cid=twitter_SPECNewsBuffaloÂ â€¦",1
"A Brazos County resident who was tested for coronavirus after returning to Texas from China is not afflicted with the same deadly strain that has killed dozens of people, health officials said Sunday. | via @TexasTribune https://kutne.ws/36ra4bGÂ ",1
Health officials confirm coronavirus case in Arizona  https://www.krem.com/article/news/health/health-officials-confirm-coronavirus-case-in-arizona/75-d6dd6dce-906a-4060-b32c-786524f10c17Â â€¦,1
China coronavirus outbreak unfolds in a new age of information  https://flip.it/UWH9RKÂ ,1
Eskom will be slow to fix â€“ CEO warns; SAA salaries; coronavirus in Africa  http://bit.ly/30WZAQfÂ  pic.twitter.com/QtWuqf4zKG,1
"Coronavirus: South Africa on high alert over possible outbreak
 http://ow.ly/dImq30qcorCÂ  pic.twitter.com/5v2r31iNNj",1
Deadly Chinese coronavirus spreads easier than thought. Hereâ€™s how to protect yourself  https://trib.al/ChAjMEmÂ ,1
Coronavirus death toll rockets to EIGHTY with 24 new fatalities reported at the outbreak's epicentre  https://www.dailymail.co.uk/news/article-7932431/Coronavirus-death-toll-rockets-EIGHTY-24-new-fatalities-reported-outbreaks-epicentre.htmlÂ â€¦,1
"Man worried about coronavirus still hasnâ€™t gotten flu shot
 https://www.thebeaverton.com/2020/01/man-worried-about-coronavirus-still-hasnt-gotten-flu-shot/Â â€¦",1
Coronavirus fears as Australian officials work to trace passengers who flew from Wuhan - ABC News (Australian Broadcasting Corporation)  https://www.abc.net.au/news/2020-01-26/australian-health-officials-race-to-trace-airline-passengers-wh/11901274?pfmredir=smÂ â€¦,1
Thousands turn out for Vancouver Lunar New Year parade despite coronavirus concerns - BC |  http://Globalnews.caÂ  https://globalnews.ca/news/6464857/vancouver-lunar-new-year-parade-coronavirus/Â â€¦,1
Texas A&M student tests negative for coronavirus  http://bit.ly/2OgO4KrÂ ,1
Maritimers helping in Chinaâ€™s coronavirus fight  https://bit.ly/2TZOLewÂ ,1
"SARS coronavirus is not contagious during its incubation period, which typically lasts 2-7 days but up to 10-14.
 https://twitter.com/reuters/status/1221519424768946177?s=21Â â€¦ https://twitter.com/Reuters/status/1221519424768946177Â â€¦",0
BREAKING: The university says the student suspected of having the coronavirus tested negative.  http://bit.ly/2O0UJbbÂ ,1
"Coronavirus Case Confirmed In Arizona, Bringing U.S. Total To 5  https://www.npr.org/sections/goatsandsoda/2020/01/26/799726161/coronavirus-case-confirmed-in-arizona-bringing-u-s-total-to-5?utm_source=dlvr.it&utm_medium=twitterÂ â€¦",1
We did an explainer last week on what #coronavirus is and how at risk you are - do take a listen.  https://twitter.com/TheQuicky__/status/1220062324314132480Â â€¦,1
"Wuhan mayor says over five million people left city since #coronavirus outbreak

 http://sptnkne.ws/BhNDÂ ",1
"Google searches for 'Kobe Bryant' over the last few hours, compared to 'facebook', 'donald trump', 'corona virus'.  pic.twitter.com/BR9K3fPH3q",1
"ğŸ”¹ Cases of #coronavirus in China has increased 50% in 24 hours

ğŸ”¹ 50 million Chinese people are quarantined

ğŸ”¹ This should be declared a public health emergency 

 https://twitter.com/b52malmet/status/1221481971626496006?s=21Â â€¦ https://twitter.com/b52malmet/status/1221460361758617601?s=21Â â€¦",1
"Coronavirus footage out of China looks like ebola, med staff in Hazmat suits, yet local advice for ppl returning is to check in with your local GP. Sounds... a bit... I dunno.. chill?",1
"The Chinese people often say, â€œAt festival time, one misses family and friends more than ever.â€ As we celebrate the New Year here in the UK, our hearts are with those back home fighting the new #coronavirus, especially the people of Hubei.  pic.twitter.com/qCUfMoe0v1",1
Our team is still on the ground in #Wuhan & continues to work w/ both Renmin and Zhongnan Hospitals of Wuhan University to help meet their immediate needs for managing the massive influx of patients presenting with flu-like symptoms. #Coronavirus  https://nyti.ms/38Apz2iÂ ,1
"#Coronavirus outbreak: 3rd US case confirmed in #California, health officials say | Read more:  https://at.wftv.com/2O0khoOÂ  pic.twitter.com/GWhNscZWjO",1
In #Travel News... ğŸŒ´â„ï¸â˜€ï¸ The Coronavirus: What Travelers Need to Know  https://www.nytimes.com/2020/01/26/travel/Coronavirus-travel.html?emc=rss&partner=rssÂ â€¦ pic.twitter.com/k04JD3HzFC,1
Pressure grows on government to evacuate 200 British citizens trapped in China by coronavirus  https://www.independent.co.uk/news/world/asia/coronavirus-china-british-wuhan-evacuation-airlift-virus-symptoms-latest-a9302981.html?utm_term=Autofeed&utm_medium=Social&utm_source=Twitter#Echobox=1580078875Â â€¦,1
"â€œ(There was some) concern over the spread of the H1N1 flu,â€ said Hamad Hassan, #Lebanonâ€™s Minister of Public Health, but with regard to coronavirus #2019-nCoV, he assured that â€œthere is no need to panicâ€

 https://arab.news/bvn79Â  pic.twitter.com/8CvZtJ1GVn",1
Virginia Dept. of Health monitors 3 residents for possible new strain of coronavirus  https://www.wbir.com/article/news/local/virginia/3-virginia-residents-monitored-for-possible-coronavirus/65-728f1916-61d6-4755-b245-c2000e53cf53Â â€¦,1
China coronavirus: baby with fever put in Hong Kong isolation ward as a â€˜precautionâ€™ after father failed to reveal he works at mainland hospital  https://www.scmp.com/news/hong-kong/health-environment/article/3047725/china-coronavirus-baby-fever-put-hong-kong?utm_term=Autofeed&utm_medium=Social&utm_source=Twitter#Echobox=1580078466Â â€¦,1
"UPDATE: A student at Texas A&M university does not have the 2019 novel coronavirus, Brazos County officials said Sunday.  https://www.kvue.com/article/news/health/possible-case-of-coronavirus-in-brazos-county-health-department-confirms/285-c0fb43c0-6c58-4011-bc1d-7ccfa329169fÂ â€¦",1
"Containing new #coronavirus may not be feasible, experts say, as they warn of possible sustained global spread, by @HelenBranswell  https://www.statnews.com/2020/01/26/containing-new-coronavirus-may-not-be-feasible-experts-say/Â â€¦ via @statnews @rkhamsi #nCoV2019",1
"The person, who is a ""member of the Arizona State University community,"" was one of two more Americans who recently contracted the Novel Coronavirus that has killed more than 50 people in China, raising the U.S. total to five, officials confirmed Sunday.  https://www.azcentral.com/story/news/nation/2020/01/26/coronavirus-third-us-patient-diagnosed-california/4580804002/Â â€¦",1
The coronavirusâ€™ death toll in China rises as the U.S. personnel get set to evacuate  https://www.post-gazette.com/news/health/2020/01/26/coronavirus-China-death-toll-new-cases-US-evacuate-spread-Wuhan-virus/stories/202001260171?utm_medium=social&utm_source=twitter_PittsburghPGÂ â€¦,1
NEW: The Coronavirus test for a Texas A&M student came back negative  https://www.kxan.com/news/texas/coronavirus-test-comes-back-negative-for-texas-am-student/?utm_medium=social&utm_source=twitter_KXAN_NewsÂ â€¦,1
"Coronavirus: London public health officials bracing for 'high likelihood' virus will eventually be found here

 https://wp.me/p9kAQI-29FYÂ  #ldnont",1
Why did no one notice his prediction? Michael Lewis said only government could help Americans cope with a pandemic. Could this happen? #coronavirus,0
What exactly is the deadly #coronavirus? I answer your health questions and share @CDCgov tips: https://www.tcpalm.com/story/news/2020/01/26/novel-coronavirus-wuhan-china-florida/4583464002/Â â€¦,0
"As investors reacted to the spread of the coronavirus:
-Stock futures tumbled with crude oil
-Yen jumped while offshore yuan slumped
-Markets in China, Hong Kong, South Korea and Australia are shut

What you need to know about what's moving markets  https://trib.al/onbVVm3Â ",1
"National criticises Government's 'weak', 'late' response to coronavirus outbreak
 https://www.tvnz.co.nz/one-news/new-zealand/national-criticises-governments-weak-late-response-coronavirus-outbreakÂ â€¦ pic.twitter.com/2ZLvgfaUMq",1
"Updated Table (1/27/20): confirmed cases of #coronavirus (#2019nCoV) in #China & other countries, including a distribution map & a timeline. There are currently (6 am in #Wuhan) 2,493 confirmed cases worldwide, including 80 fatalities.

 https://bnonews.com/index.php/2020/01/the-latest-coronavirus-cases/Â â€¦ via @BNODesk",1
"WHO is working with networks of specialists to analyze 2019-nCoV full genome sequences as they become available.
We have not received evidence that the virus has changed. We await further information from ğŸ‡¨ğŸ‡³ officials.
Situation report 26 Jan  http://bit.ly/37u0Ht7Â 
#coronavirus  pic.twitter.com/wHvEBpdlrO",1
Fifth US case of coronavirus confirmed as China warns people can spread the virus before they feel ill  http://bit.ly/30UFOVrÂ ,1
How does the Wuhan coronavirus outbreak compare to SARS and MERS? | TheHill  https://thehill.com/changing-america/well-being/prevention-cures/479810-how-does-the-wuhan-coronavirus-outbreak-compareÂ â€¦,1
The WHO should sound the alarm on Wuhan coronavirus (opinion) - CNN  https://www.cnn.com/2020/01/25/opinions/who-should-sound-alarm-on-coronavirus-bociurkiw/index.htmlÂ â€¦,1
#BREAKING: Health officials say the U.S. now has five confirmed cases of the #coronavirus from China. Two new confirmed cases were announced today -- one in Los Angeles County in California and the other in Arizona. @FOX46News,0
"University Hospital Coventry following coronavirus 'low risk'
 https://www.coventrytelegraph.net/news/coventry-news/university-hospital-coventry-following-coronavirus-17634307Â â€¦",1
China coronavirus: baby with fever put in Hong Kong isolation ward as a â€˜precautionâ€™ after father failed to reveal he works at mainland hospital  https://www.scmp.com/news/hong-kong/health-environment/article/3047725/china-coronavirus-baby-fever-put-hong-kong?utm_term=Autofeed&utm_medium=Social&utm_content=article&utm_source=Twitter#Echobox=1580078421Â â€¦,1
"We are committing $10 million in emergency funds and corresponding support to assist frontline responders in China and Africa in their efforts to contain the global spread of 2019-nCoV (coronavirus). 

Full statement:  https://gates.ly/2O4dKK6Â ",1
"Last week's losses are accelerating as the coronavirus outbreak continues to hit prices ... WTI coming off worst week since July, Brent since Dec. 2018 #OOTT pic.twitter.com/afgm7LudkG",1
"JUST IN: A Texas A&M student who was being tested for the Novel Coronavirus has tested negative, according to the Brazos County Health District. 
 https://bit.ly/30TGGcK?utm_medium=social&utm_source=twitter_KETKÂ â€¦",1
Three More Cases of Coronavirus Confirmed in U.S. - WSJ  https://www.wsj.com/articles/three-more-cases-of-coronavirus-confirmed-in-u-s-11580072396Â â€¦,1
China bans wildlife trade as killer Wuhan coronavirus spreads  https://www.scmp.com/news/china/society/article/3047716/china-bans-wildlife-trade-killer-wuhan-coronavirus-spreads?utm_term=Autofeed&utm_medium=Social&utm_content=article&utm_source=Twitter#Echobox=1580080879Â â€¦,1
"#Coronavirus: What we know about the deadly virus so far

MORE:  https://on.rt.com/a9rfÂ  pic.twitter.com/sugMBQYrC1",1
FULL STORY: China extended the Lunar New Year holiday for an unspecified period of time to help stem the spread of the coronavirus that has killed at least 56 people and continues to trigger new infections | #OOTT #commodities #coronarvirus https://www.bloomberg.com/news/articles/2020-01-26/china-warns-virus-spreading-fast-as-california-reports-infection?srnd=premium-europeÂ â€¦,1
"As if oil did't have enough problems, its now got coronavirus demand issues... if $50 goes, then the head and shoulders top comes into play. I won't give you my target price as it sounds ridiculous at this stage, but Ive had it for a few years based on the big chart pattern...  pic.twitter.com/4QVLyt5QBx",0
"Just in | #Coronavirus death toll 
in #China leaps to 80, over 2,300 cases confirmed: government. AFP",1
"BREAKING: Total of 80 deaths from new coronavirus in China, overall, over 2,500 cases confirmed â€“ reports  https://sptnkne.ws/BhUNÂ  pic.twitter.com/2MefHykfWp",1
"Think about timing: 
If you are bullish on oil, and you are certain that #coronavirus will hit China and other countries with a major negative impact on the oil market, which quarter is  best for it to happen:",1
Coronavirus Q&A: Common symptoms and everything else Canadians should know  https://www.ctvnews.ca/health/coronavirus-q-a-common-symptoms-and-everything-else-canadians-should-know-1.4783836?taid=5e2e16980f91f60001a245ab&utm_campaign=trueAnthem%3A+Trending+Content&utm_medium=trueAnthem&utm_source=twitterÂ â€¦ pic.twitter.com/Y1O0LDOhC4,1
"Hong Kong authorities barred residents of China's Hubei province, the center of the coronavirus outbreak, from entering the city.  http://bit.ly/2NZ0mqqÂ ",1
"ğŸ”¹ Cases of #coronavirus in China has increased 50% in 24 hours

ğŸ”¹ 50 million Chinese people are quarantined

ğŸ”¹ This should be declared a public health emergency 

 https://twitter.com/b52malmet/status/1221481971626496006?s=21Â â€¦ https://twitter.com/b52malmet/status/1221460361758617601?s=21Â â€¦",1
"#Coronavirus death toll in China rises to 80 and the number of infected across the country reaches 2,300 according to the government: AFP news agency.",1
"As we continue to monitor the novel #coronavirus situation, your Medical Officer of Health @VeraEtches will be on @CTVOttMornLive tomorrow morning at 6:45 with an update & tips on preventing the spread of infection.",0
"Govt sets up 24 X 7 Helpline to answer public queries on #coronavirus
 http://www.newsonair.com/News?title=Govt-sets-up-24-X-7-Helpline-to-answer-public-queries-on-Corona-Virus%3b-Death-toll-in-deadly-virus-rises-to-56-in-China&id=379324Â â€¦",0
China says coronavirus can spread before symptoms show as death toll grows to 80 & 5th US case is confirmed  https://on.rt.com/a9spÂ ,1
China coronavirus screening like 'searching for a needle in a haystack' says health official China coronavirus screening like 'searching for a needle in a haystack' says health official (@radionz) pic.twitter.com/fZRXKm9yGa,1
Diplomatic staff are working with Chinese authorities to release Australian citizens from the country amid a lockdown in Wuhan. #Coronavirus  https://10daily.com.au/news/australia/a200126utnkf/australia-to-evacuate-citizens-from-coronavirus-epicentre-as-riots-break-out-abroad-20200126Â â€¦,1
"Heads up, indeed. #coronavirus  https://twitter.com/InfectiousDz/status/1221521230819295235Â â€¦",1
The US confirmed the 5th case of #coronavirus on Sunday: @CDCgov pic.twitter.com/60P2uwALrO,1
"#UPDATE: A case of the Coronavirus was confirmed Saturday night in #Toronto.
Also, #NewYork State is testing 4 people for the virus; making that a total of 7 people in NYS who have undergone that testing. 
3 of those cases have already come back negative. 
@SPECNewsBuffalo https://twitter.com/cnnbrk/status/1221546694044803073Â â€¦",1
Pressure grows on government to evacuate 200 British citizens trapped in China by coronavirus  https://www.independent.co.uk/news/world/asia/coronavirus-china-british-wuhan-evacuation-airlift-virus-symptoms-latest-a9302981.html?utm_term=Autofeed&utm_medium=Social&utm_source=Twitter#Echobox=1580078772Â â€¦,1
"#Coronavirus: 100,000 may already be infected, experts warn -  https://www.theguardian.com/science/2020/jan/26/coronavirus-could-infect-100000-globally-experts-warnÂ â€¦ sobering stuff...",1
China scrambles to contain 'strengthening' virus  http://bit.ly/2uD7QscÂ  #coronavirus  pic.twitter.com/CRAQ8aHGLV,1
"Some of the passengers arriving at Pearson from Guangzhou, China today. The man who tested positive for #coronavirus flew that route Wednesday. One woman told me everyone on the plane was wearing  masks, including flight attendants  pic.twitter.com/iVcLsqNcz1",0
"A helpful piece 
@statnews
 on the current state of what we know about the coronavirus situation #2019nCov https://twitter.com/HelenBranswell/status/1221535867992526849Â â€¦",1
"The coronavirus makes me wonder whether sales of Corona beer go up or down at a moment like this? Is it marketing you can't buy or a negative association that hurts more than it helps?

I'd like to think it's the latter but... people are weird.",1
Arizona resident is 5th confirmed case of coronavirus in US  https://www.fox29.com/news/arizona-resident-is-5th-confirmed-case-of-coronavirus-in-usÂ â€¦,1
Coronavirus death toll rockets to EIGHTY with 24 new fatalities reported at outbreakâ€™s epicentre in Wuhan  https://trib.al/GMrQZxSÂ  #CoronavirusOutbreak,1
"Two separate cases of the coronavirus have popped up in patients in Los Angeles County and Orange County, while another was confirmed in Arizona.

The infection was first found in Wuhan, China.

  https://washex.am/2Gs9oZ4Â ",1
